[
  {
    "id": "ae3c4edb-8165-4b5a-9e20-dc0c1aae7532",
    "data": [
      {
        "text": " ",
        "userDefined": false
      },
      {
        "text": "huỷ",
        "meta": "@remove",
        "alias": "remove",
        "userDefined": false
      },
      {
        "text": " ",
        "userDefined": false
      },
      {
        "text": "đơn",
        "userDefined": false
      },
      {
        "text": " ",
        "userDefined": false
      },
      {
        "text": "hàng",
        "userDefined": false
      },
      {
        "text": " tôi mới ",
        "userDefined": false
      },
      {
        "text": "đặt",
        "userDefined": false
      }
    ],
    "isTemplate": false,
    "count": 0,
    "lang": "en",
    "updated": 0
  },
  {
    "id": "141d7c73-6631-47f2-9632-af6fd44e1ddf",
    "data": [
      {
        "text": " ",
        "userDefined": false
      },
      {
        "text": "huỷ",
        "meta": "@remove",
        "alias": "remove",
        "userDefined": false
      },
      {
        "text": " ",
        "userDefined": false
      },
      {
        "text": "đơn",
        "userDefined": false
      },
      {
        "text": " ",
        "userDefined": false
      },
      {
        "text": "hàng",
        "userDefined": false
      }
    ],
    "isTemplate": false,
    "count": 0,
    "lang": "en",
    "updated": 0
  },
  {
    "id": "281680e3-45ac-477b-95c5-3b71ae96a39d",
    "data": [
      {
        "text": " ",
        "userDefined": false
      },
      {
        "text": "xoá",
        "meta": "@remove",
        "alias": "remove",
        "userDefined": false
      },
      {
        "text": " ",
        "userDefined": false
      },
      {
        "text": "đơn",
        "userDefined": false
      },
      {
        "text": " ",
        "userDefined": false
      },
      {
        "text": "hàng",
        "userDefined": false
      }
    ],
    "isTemplate": false,
    "count": 0,
    "lang": "en",
    "updated": 0
  }
]