[
  {
    "id": "770357a5-f880-4e6e-990c-b1605e6ca83a",
    "data": [
      {
        "text": "Tôi cần ",
        "userDefined": false
      },
      {
        "text": "đặt",
        "userDefined": false
      },
      {
        "text": " đơn hàng",
        "userDefined": false
      }
    ],
    "isTemplate": false,
    "count": 0,
    "lang": "en",
    "updated": 0
  },
  {
    "id": "5e677596-2f10-4582-8309-0548b30fdbb2",
    "data": [
      {
        "text": "Tôi muốn đặt đơn hàng mới",
        "userDefined": false
      }
    ],
    "isTemplate": false,
    "count": 0,
    "lang": "en",
    "updated": 0
  },
  {
    "id": "bb14f3dc-b159-44d9-a6fd-36ffb7c913cb",
    "data": [
      {
        "text": "Làm",
        "userDefined": false
      },
      {
        "text": " ơn giúp tôi ",
        "userDefined": false
      },
      {
        "text": "đặt",
        "userDefined": true
      },
      {
        "text": " hàng",
        "userDefined": false
      }
    ],
    "isTemplate": false,
    "count": 0,
    "lang": "en",
    "updated": 0
  },
  {
    "id": "38aa4cfa-b8f4-431f-839b-90bad92a0189",
    "data": [
      {
        "text": "Đặt",
        "userDefined": true
      },
      {
        "text": " đồ mới",
        "userDefined": false
      }
    ],
    "isTemplate": false,
    "count": 0,
    "lang": "en",
    "updated": 0
  }
]