[
  {
    "id": "d84b9f86-2ffd-4b75-b9ad-ad84d4a7c369",
    "data": [
      {
        "text": "Tôi ",
        "userDefined": false
      },
      {
        "text": "không muốn chọn",
        "meta": "@remove",
        "alias": "remove",
        "userDefined": true
      },
      {
        "text": " ",
        "userDefined": false
      },
      {
        "text": "nem chua",
        "meta": "@food-item",
        "alias": "food-item",
        "userDefined": true
      },
      {
        "text": " nữa",
        "userDefined": false
      }
    ],
    "isTemplate": false,
    "count": 0,
    "lang": "en",
    "updated": 0
  },
  {
    "id": "12d40b97-f0af-4e74-953b-22b260bee8a1",
    "data": [
      {
        "text": "Tôi muốn ",
        "userDefined": false
      },
      {
        "text": "xoá",
        "meta": "@remove",
        "alias": "remove",
        "userDefined": true
      },
      {
        "text": " ",
        "userDefined": false
      },
      {
        "text": "Nem chua",
        "meta": "@food-item",
        "alias": "food-item",
        "userDefined": true
      }
    ],
    "isTemplate": false,
    "count": 0,
    "lang": "en",
    "updated": 0
  },
  {
    "id": "94b7acf7-86de-459e-b6ba-6e6af05a871f",
    "data": [
      {
        "text": "Tôi muốn ",
        "userDefined": false
      },
      {
        "text": "huỷ",
        "meta": "@remove",
        "alias": "remove",
        "userDefined": true
      },
      {
        "text": " ",
        "userDefined": false
      },
      {
        "text": "đơn",
        "userDefined": false
      },
      {
        "text": " ",
        "userDefined": false
      },
      {
        "text": "hàng",
        "userDefined": true
      },
      {
        "text": " có ",
        "userDefined": false
      },
      {
        "text": "chứa",
        "userDefined": true
      },
      {
        "text": " \u0027",
        "userDefined": false
      },
      {
        "text": "TÔM CÀNG XANH SỐT TRỨNG\"",
        "meta": "@food-item",
        "alias": "food-item",
        "userDefined": true
      }
    ],
    "isTemplate": false,
    "count": 0,
    "lang": "en",
    "updated": 0
  },
  {
    "id": "2c0a3173-41f4-4259-9569-cbaa3e147ffb",
    "data": [
      {
        "text": "Huỷ",
        "meta": "@remove",
        "alias": "remove",
        "userDefined": true
      },
      {
        "text": " ",
        "userDefined": false
      },
      {
        "text": "đơn",
        "userDefined": false
      },
      {
        "text": " hàng của tôi cho \u0027",
        "userDefined": false
      },
      {
        "text": "BABA NỔ MUỐI HỘT",
        "meta": "@food-item",
        "alias": "food-item",
        "userDefined": true
      },
      {
        "text": "\u0027, ",
        "userDefined": false
      },
      {
        "text": "cảm",
        "userDefined": false
      },
      {
        "text": " ",
        "userDefined": false
      },
      {
        "text": "ơn",
        "userDefined": false
      },
      {
        "text": ".",
        "userDefined": false
      }
    ],
    "isTemplate": false,
    "count": 0,
    "lang": "en",
    "updated": 0
  }
]