[
  {
    "id": "20bbcd75-e7e4-4cd0-b950-76c6d0223c92",
    "data": [
      {
        "text": "Có",
        "userDefined": false
      }
    ],
    "isTemplate": false,
    "count": 0,
    "lang": "en",
    "updated": 0
  },
  {
    "id": "ad5df12e-ef90-4e40-8005-5fd1e5203040",
    "data": [
      {
        "text": "Xác định ",
        "userDefined": false
      },
      {
        "text": "Huỷ",
        "meta": "@remove",
        "alias": "remove",
        "userDefined": false
      }
    ],
    "isTemplate": false,
    "count": 0,
    "lang": "en",
    "updated": 0
  },
  {
    "id": "a46b9c4d-6730-48fb-b915-f4d52302e942",
    "data": [
      {
        "text": "Tôi xác định ",
        "userDefined": false
      },
      {
        "text": "huỷ",
        "meta": "@remove",
        "alias": "remove",
        "userDefined": true
      },
      {
        "text": " ",
        "userDefined": false
      },
      {
        "text": "đơn",
        "userDefined": false
      },
      {
        "text": " ",
        "userDefined": false
      },
      {
        "text": "hàng",
        "userDefined": false
      }
    ],
    "isTemplate": false,
    "count": 0,
    "lang": "en",
    "updated": 0
  }
]