[
  {
    "id": "b8f926c0-6c95-40a0-82c8-148ad95f1f53",
    "data": [
      {
        "text": "Mã là ",
        "userDefined": false
      },
      {
        "text": "53",
        "meta": "@order_id",
        "alias": "order_id",
        "userDefined": false
      }
    ],
    "isTemplate": false,
    "count": 0,
    "lang": "en",
    "updated": 0
  },
  {
    "id": "a966da21-2f7f-4352-8e33-6845b1f68509",
    "data": [
      {
        "text": "Mã",
        "userDefined": false
      },
      {
        "text": " của tôi ",
        "userDefined": false
      },
      {
        "text": "là",
        "userDefined": false
      },
      {
        "text": " ",
        "userDefined": false
      },
      {
        "text": "43",
        "meta": "@order_id",
        "alias": "order_id",
        "userDefined": false
      }
    ],
    "isTemplate": false,
    "count": 0,
    "lang": "en",
    "updated": 0
  }
]