[
  {
    "id": "382dd77c-bb87-482b-b8c2-60f119129280",
    "data": [
      {
        "text": "Xong rồi",
        "userDefined": false
      }
    ],
    "isTemplate": false,
    "count": 0,
    "lang": "en",
    "updated": 0
  },
  {
    "id": "a5e77ce0-b1ff-4df8-8e4a-2821dd61c7f2",
    "data": [
      {
        "text": "Không",
        "userDefined": false
      }
    ],
    "isTemplate": false,
    "count": 0,
    "lang": "en",
    "updated": 0
  },
  {
    "id": "953d4b5a-5c9e-4a66-9cb6-851c1c48f139",
    "data": [
      {
        "text": "Chỉ cần",
        "userDefined": false
      },
      {
        "text": " vậy ",
        "userDefined": false
      },
      {
        "text": "thôi",
        "userDefined": false
      }
    ],
    "isTemplate": false,
    "count": 1,
    "lang": "en",
    "updated": 0
  },
  {
    "id": "480dd3fe-f152-42e2-b1fc-7398320af17d",
    "data": [
      {
        "text": "Không",
        "userDefined": false
      },
      {
        "text": ", ",
        "userDefined": false
      },
      {
        "text": "cảm",
        "userDefined": false
      },
      {
        "text": " ",
        "userDefined": false
      },
      {
        "text": "ơn",
        "userDefined": false
      },
      {
        "text": ". ",
        "userDefined": false
      },
      {
        "text": "Như",
        "userDefined": false
      },
      {
        "text": " vậy ",
        "userDefined": false
      },
      {
        "text": "là",
        "userDefined": false
      },
      {
        "text": " ",
        "userDefined": false
      },
      {
        "text": "đủ",
        "userDefined": false
      },
      {
        "text": " rồi",
        "userDefined": false
      }
    ],
    "isTemplate": false,
    "count": 0,
    "lang": "en",
    "updated": 0
  }
]