[
  {
    "id": "ff0816bb-9f10-4e3a-939b-ceb393118f58",
    "data": [
      {
        "text": "Tôi muốn biết liệu ",
        "userDefined": false
      },
      {
        "text": "đơn đặt",
        "userDefined": false
      },
      {
        "text": " phòng của tôi ",
        "userDefined": false
      },
      {
        "text": "đã",
        "userDefined": false
      },
      {
        "text": " được ",
        "userDefined": false
      },
      {
        "text": "xác nhận",
        "meta": "@kiemtra",
        "alias": "kiemtra",
        "userDefined": true
      },
      {
        "text": " ",
        "userDefined": false
      },
      {
        "text": "chưa",
        "userDefined": false
      }
    ],
    "isTemplate": false,
    "count": 0,
    "lang": "en",
    "updated": 0
  },
  {
    "id": "9d69031b-a2bb-46a5-b23b-fbf590a8c6ba",
    "data": [
      {
        "text": "Kiểm ",
        "userDefined": false
      },
      {
        "text": "tra",
        "userDefined": false
      },
      {
        "text": " ",
        "userDefined": false
      },
      {
        "text": "tình hình",
        "meta": "@kiemtra",
        "alias": "kiemtra",
        "userDefined": true
      },
      {
        "text": " đơn hàng",
        "userDefined": false
      }
    ],
    "isTemplate": false,
    "count": 0,
    "lang": "en",
    "updated": 0
  },
  {
    "id": "482ff8ca-3226-4e18-aefc-a65c8835c289",
    "data": [
      {
        "text": "Xem lại thông tin",
        "meta": "@kiemtra",
        "alias": "kiemtra",
        "userDefined": true
      },
      {
        "text": " đặt hàng",
        "userDefined": false
      }
    ],
    "isTemplate": false,
    "count": 0,
    "lang": "en",
    "updated": 0
  },
  {
    "id": "626f36ad-67dd-495c-acb5-9cf2ae2e77a1",
    "data": [
      {
        "text": "Tôi muốn ",
        "userDefined": false
      },
      {
        "text": "kiểm tra",
        "meta": "@kiemtra",
        "alias": "kiemtra",
        "userDefined": true
      },
      {
        "text": " ",
        "userDefined": false
      },
      {
        "text": "đơn đặt",
        "userDefined": false
      },
      {
        "text": " của mình",
        "userDefined": false
      }
    ],
    "isTemplate": false,
    "count": 0,
    "lang": "en",
    "updated": 0
  },
  {
    "id": "f305d69f-38c6-446f-8258-f86aab1c5912",
    "data": [
      {
        "text": "Kiểm tra",
        "meta": "@kiemtra",
        "alias": "kiemtra",
        "userDefined": true
      },
      {
        "text": " xem ",
        "userDefined": false
      },
      {
        "text": "tình trạng",
        "meta": "@kiemtra",
        "alias": "kiemtra",
        "userDefined": true
      },
      {
        "text": " đặt hàng",
        "userDefined": false
      }
    ],
    "isTemplate": false,
    "count": 0,
    "lang": "en",
    "updated": 0
  }
]