[
  {
    "id": "d4e0efa9-db25-4204-b243-137ef4a2f8b8",
    "data": [
      {
        "text": "id",
        "meta": "@id",
        "alias": "id",
        "userDefined": true
      },
      {
        "text": " của tôi là ",
        "userDefined": false
      },
      {
        "text": "40",
        "meta": "@order_id",
        "alias": "order_id",
        "userDefined": false
      }
    ],
    "isTemplate": false,
    "count": 0,
    "lang": "en",
    "updated": 0
  },
  {
    "id": "f7064de8-7f94-44b9-b462-e67128a8ecbd",
    "data": [
      {
        "text": "id",
        "meta": "@id",
        "alias": "id",
        "userDefined": true
      },
      {
        "text": " của tôi ",
        "userDefined": false
      },
      {
        "text": "là",
        "userDefined": false
      },
      {
        "text": " ",
        "userDefined": false
      },
      {
        "text": "32",
        "meta": "@order_id",
        "alias": "order_id",
        "userDefined": false
      }
    ],
    "isTemplate": false,
    "count": 0,
    "lang": "en",
    "updated": 0
  }
]