[
  {
    "value": "CHẢ GIÒ HẢI SẢN TRÁI CÂY",
    "synonyms": [
      "CHẢ GIÒ HẢI SẢN TRÁI CÂY",
      "Chả Giò",
      "Hải sản và trái cây"
    ]
  },
  {
    "value": "NEM HẢI SẢN HÀ THÀNH",
    "synonyms": [
      "NEM HẢI SẢN HÀ THÀNH",
      "Nem"
    ]
  },
  {
    "value": "BABA NỔ MUỐI HỘT",
    "synonyms": [
      "BABA NỔ MUỐI HỘT",
      "Thịt Ba Ba"
    ]
  },
  {
    "value": "CÁ TẦM NƯỚNG MUỐI ỚT",
    "synonyms": [
      "CÁ TẦM NƯỚNG MUỐI ỚT",
      "Cá Tầm",
      "Cá Nướng"
    ]
  },
  {
    "value": "LẨU CAY TỨ XUYÊN TRƯỜNG THỌ",
    "synonyms": [
      "LẨU CAY TỨ XUYÊN TRƯỜNG THỌ",
      "Lẩu Cay",
      "Lẩu tứ xuyên"
    ]
  },
  {
    "value": "LẨU CỐT CHANH CÁ MŨ",
    "synonyms": [
      "LẨU CỐT CHANH CÁ MŨ",
      "Lẩu Cá",
      "Cá Mũ"
    ]
  },
  {
    "value": "LẨU THÁI HẢI SẢN",
    "synonyms": [
      "LẨU THÁI HẢI SẢN\u0027",
      "Lẩu thái",
      "lẩu hải sản"
    ]
  },
  {
    "value": "TÔM CÀNG XANH SỐT TRỨNG",
    "synonyms": [
      "TÔM CÀNG XANH SỐT TRỨNG",
      "Tôm"
    ]
  },
  {
    "value": "GỎI BÒ NGŨ SẮC",
    "synonyms": [
      "GỎI BÒ NGŨ SẮC",
      "GỎI BÒ"
    ]
  },
  {
    "value": "nem chua",
    "synonyms": [
      "nem chua",
      "nem rán"
    ]
  }
]